<?xml version="1.0" encoding="utf-8" ?>
<Patch>
	<Operation Class="PatchOperationFindMod">
		<mods>
			<li>Combat Extended</li>
		</mods>
	<match Class="PatchOperationSequence">
		<operations>

			<li Class="PatchOperationAddModExtension">
				<xpath>Defs/AlienRace.ThingDef_AlienRace[defName="Vulpes"]</xpath>
				<value>
					<li Class="CombatExtended.RacePropertiesExtensionCE">
						<bodyShape>Humanoid</bodyShape>
					</li>
				</value>
			</li>

			<li Class="PatchOperationAdd">
				<xpath>Defs/AlienRace.ThingDef_AlienRace[defName = "Vulpes"]</xpath>
				<value>
					<comps>
						<li>
							<compClass>CombatExtended.CompPawnGizmo</compClass>
						</li>
						<li Class="CombatExtended.CompProperties_Suppressable" />
					</comps>
				</value>
			</li>

			<li Class="PatchOperationAdd">
				<xpath>Defs/AlienRace.ThingDef_AlienRace[defName = "Vulpes"]/statBases</xpath>
				<value>
					<AimingAccuracy>1</AimingAccuracy>
					<MeleeDodgeChance>1</MeleeDodgeChance>
					<MeleeCritChance>1.15</MeleeCritChance>
					<MeleeParryChance>1</MeleeParryChance>
					<ReloadSpeed>1</ReloadSpeed>
					<Suppressability>1</Suppressability>
				</value>
			</li>

			<li Class="PatchOperationReplace">
				<xpath>Defs/AlienRace.ThingDef_AlienRace[defName="Vulpes"]/tools</xpath>
				<value>
					<tools>
						<li Class="CombatExtended.ToolCE">
							<label>left claws</label>
							<capacities>
								<li>Scratch</li>
							</capacities>
							<power>6</power>
							<cooldownTime>1</cooldownTime>
							<linkedBodyPartsGroup>LeftHand</linkedBodyPartsGroup>
							<armorPenetrationSharp>0.1</armorPenetrationSharp>
							<armorPenetrationBlunt>0.462</armorPenetrationBlunt>
						</li>
						<li Class="CombatExtended.ToolCE">
							<label>right claws</label>
							<capacities>
								<li>Scratch</li>
							</capacities>
							<power>6</power>
							<cooldownTime>1</cooldownTime>
							<linkedBodyPartsGroup>RightHand</linkedBodyPartsGroup>
							<armorPenetrationSharp>0.1</armorPenetrationSharp>
							<armorPenetrationBlunt>0.462</armorPenetrationBlunt>
						</li>
						<li Class="CombatExtended.ToolCE">
							<label>teeth</label>
							<capacities>
								<li>Bite</li>
							</capacities>
							<power>8</power>
							<cooldownTime>1</cooldownTime>
							<linkedBodyPartsGroup>Teeth</linkedBodyPartsGroup>
							<armorPenetrationSharp>0.02</armorPenetrationSharp>
							<armorPenetrationBlunt>0.923</armorPenetrationBlunt>
							<chanceFactor>0.2</chanceFactor>
						</li>
					</tools>
				</value>
			</li>

		</operations>
	</match>
	</Operation>
</Patch>