﻿<?xml version="1.0" encoding="utf-8" ?>
<Defs>

  <ThingDef ParentName="LeatherBase">
    <defName>Vulpian_leather</defName>
    <label>Vulpian Leather</label>
    <description>Vulpian leather with gorgeus and rich silk fur. Very tender and protects well from heat. Very expensive due to it's properties and out of this world beauty.</description>
    <graphicData>
      <color>(245,155,37)</color>
    </graphicData>
    <statBases>
      <MarketValue>50.0</MarketValue>
      <StuffPower_Armor_Sharp>0.25</StuffPower_Armor_Sharp>
	  <StuffPower_Armor_Blunt>0.25</StuffPower_Armor_Blunt>
      <StuffPower_Insulation_Cold>5</StuffPower_Insulation_Cold>
      <StuffPower_Insulation_Heat>15</StuffPower_Insulation_Heat>
    </statBases>
    <stuffProps>
      <color>(250,220,0)</color>
      <commonality>0.01</commonality>
	<statFactors>
      <MaxHitPoints>1</MaxHitPoints>
      <Beauty>10</Beauty>
	</statFactors>
    </stuffProps>
  </ThingDef>
  
</Defs>
