<?xml version="1.0" encoding="utf-8" ?>
<!-- These patches adds Vulpian PawnKinds to all base game encounters, 
	 with 20% of the weighting of the equivalent Human PawnKinds -->

<Patch>
	<!-- Pirates -->
	<!-- Pirate raid 1; 100 commonality, ranged with melee mix-ins -->
	<Operation Class="PatchOperationAdd">
	<xpath>*/FactionDef[defName="Pirate"]/pawnGroupMakers/li[1]/options</xpath>
	<value>
        <Vulpian_Drifter>2</Vulpian_Drifter>
		<Vulpian_Thrasher>0.6</Vulpian_Thrasher>
        <Vulpian_Scavenger>2</Vulpian_Scavenger>
        <Vulpian_Pirate>2</Vulpian_Pirate>
        <Vulpian_Grenadier_EMP>0.1</Vulpian_Grenadier_EMP>
        <Vulpian_Grenadier_Destructive>0.4</Vulpian_Grenadier_Destructive>
        <Vulpian_Mercenary_Gunner>2</Vulpian_Mercenary_Gunner>
        <Vulpian_Mercenary_Heavy>1.2</Vulpian_Mercenary_Heavy>
        <Vulpian_Mercenary_Slasher>0.6</Vulpian_Mercenary_Slasher>
        <Vulpian_Mercenary_Sniper>1.4</Vulpian_Mercenary_Sniper>
        <Vulpian_Mercenary_Elite>2</Vulpian_Mercenary_Elite>
        <Vulpian_PirateBoss>1</Vulpian_PirateBoss>
	</value>
	</Operation>

	<!-- Pirate raid 2; 30 commonality, melee only -->
	<Operation Class="PatchOperationAdd">
	<xpath>*/FactionDef[defName="Pirate"]/pawnGroupMakers/li[2]/options</xpath>
	<value>
        <Vulpian_Thrasher>2</Vulpian_Thrasher>
        <Vulpian_Mercenary_Slasher>2</Vulpian_Mercenary_Slasher>
        <Vulpian_PirateBoss>1</Vulpian_PirateBoss>
	</value>
	</Operation>

	<!-- Pirate raid 3; 20 commonality, ranged only -->
	<Operation Class="PatchOperationAdd">
	<xpath>*/FactionDef[defName="Pirate"]/pawnGroupMakers/li[3]/options</xpath>
	<value>
		<Vulpian_Scavenger>2.0</Vulpian_Scavenger>
		<Vulpian_Pirate>2.0</Vulpian_Pirate>
		<Vulpian_Grenadier_EMP>0.05</Vulpian_Grenadier_EMP>
		<Vulpian_Grenadier_Smoke>0.05</Vulpian_Grenadier_Smoke>
		<Vulpian_Grenadier_Destructive>0.4</Vulpian_Grenadier_Destructive>
		<Vulpian_Mercenary_Gunner>2.0</Vulpian_Mercenary_Gunner>
		<Vulpian_Mercenary_Heavy>1.2</Vulpian_Mercenary_Heavy>
		<Vulpian_Mercenary_Sniper>1.4</Vulpian_Mercenary_Sniper>
		<Vulpian_Mercenary_Elite>2.0</Vulpian_Mercenary_Elite>
		<Vulpian_PirateBoss>1.0</Vulpian_PirateBoss>
	</value>
	</Operation>

	<!-- Pirate raid 4; 15 commonality, explosives with ranged mix-ins -->
	<Operation Class="PatchOperationAdd">
	<xpath>*/FactionDef[defName="Pirate"]/pawnGroupMakers/li[4]/options</xpath>
	<value>
        <Vulpian_Grenadier_EMP>0.2</Vulpian_Grenadier_EMP>
        <Vulpian_Grenadier_Destructive>2</Vulpian_Grenadier_Destructive>
        <Vulpian_Mercenary_Gunner>0.2</Vulpian_Mercenary_Gunner>
        <Vulpian_Mercenary_Heavy>2</Vulpian_Mercenary_Heavy>
        <Vulpian_Mercenary_Elite>0.2</Vulpian_Mercenary_Elite>
        <Vulpian_PirateBoss>0.2</Vulpian_PirateBoss>
	</value>
	</Operation>

	<!-- Pirate raid 5; 10 commonality, snipers only -->
	<Operation Class="PatchOperationAdd">
	<xpath>*/FactionDef[defName="Pirate"]/pawnGroupMakers/li[5]/options</xpath>
	<value>
        <Vulpian_Mercenary_Sniper>2</Vulpian_Mercenary_Sniper>
	</value>
	</Operation>

	<!-- Pirate raid 6; 2.5 commonality, drifters only -->
	<Operation Class="PatchOperationAdd">
	<xpath>*/FactionDef[defName="Pirate"]/pawnGroupMakers/li[6]/options</xpath>
	<value>
        <Vulpian_Drifter>2</Vulpian_Drifter>
	</value>
	</Operation>

	<!-- Pirate Settlement; mainly ranged with melee mix-ins -->
	<Operation Class="PatchOperationAdd">
	<xpath>*/FactionDef[defName="Pirate"]/pawnGroupMakers/li[7]/options</xpath>
	<value>
        <Vulpian_Thrasher>0.6</Vulpian_Thrasher>
        <Vulpian_Pirate>2</Vulpian_Pirate>
        <Vulpian_Grenadier_Destructive>0.4</Vulpian_Grenadier_Destructive>
		<Vulpian_Mercenary_Slasher>0.6</Vulpian_Mercenary_Slasher>
		<Vulpian_Mercenary_Sniper>2</Vulpian_Mercenary_Sniper>
		<Vulpian_Mercenary_Gunner>2</Vulpian_Mercenary_Gunner>
		<Vulpian_Mercenary_Elite>2</Vulpian_Mercenary_Elite>
        <Vulpian_PirateBoss>2</Vulpian_PirateBoss>
	</value>
	</Operation>
	
	<!-- Outlander -->
	<!-- Outlander Raid; standard mix -->
	<Operation Class="PatchOperationAdd">
	<xpath>*/FactionDef[@Name="OutlanderFactionBase"]/pawnGroupMakers/li[1]/options</xpath>
	<value>
        <Vulpian_Villager>1</Vulpian_Villager>
        <Vulpian_Town_Guard>2</Vulpian_Town_Guard>
        <Vulpian_Grenadier_Destructive>0.3</Vulpian_Grenadier_Destructive>
		<Vulpian_Mercenary_Slasher>1.4</Vulpian_Mercenary_Slasher>
		<Vulpian_Mercenary_Gunner>2</Vulpian_Mercenary_Gunner>
		<Vulpian_Mercenary_Elite>2</Vulpian_Mercenary_Elite>
        <Vulpian_Town_Councilman>2</Vulpian_Town_Councilman>
	</value>
	</Operation>
	
	<!-- Outlander Peaceful -->
	<Operation Class="PatchOperationAdd">
	<xpath>*/FactionDef[@Name="OutlanderFactionBase"]/pawnGroupMakers/li[2]/options</xpath>
	<value>
        <Vulpian_Villager>4</Vulpian_Villager>
        <Vulpian_Town_Guard>2</Vulpian_Town_Guard>
        <Vulpian_Town_Councilman>2</Vulpian_Town_Councilman>
	</value>
	</Operation>

	<!-- Outlander Traders -->
	<Operation Class="PatchOperationAdd">
	<xpath>*/FactionDef[@Name="OutlanderFactionBase"]/pawnGroupMakers/li[3]/guards</xpath>
	<value>
        <Vulpian_Villager>0.6</Vulpian_Villager>
        <Vulpian_Town_Guard>2</Vulpian_Town_Guard>
        <Vulpian_Grenadier_Destructive>0.3</Vulpian_Grenadier_Destructive>
        <Vulpian_Mercenary_Slasher>1.4</Vulpian_Mercenary_Slasher>
        <Vulpian_Mercenary_Gunner>2</Vulpian_Mercenary_Gunner>
		<Vulpian_Mercenary_Elite>2</Vulpian_Mercenary_Elite>
	</value>
	</Operation>

	<Operation Class="PatchOperationAdd">
	<xpath>*/FactionDef[@Name="OutlanderFactionBase"]/pawnGroupMakers/li[3]/traders</xpath>
	<value>
        <Vulpian_Town_Trader>0.2</Vulpian_Town_Trader>
	</value>
	</Operation>

	<Operation Class="PatchOperationAdd">
	<xpath>*/FactionDef[@Name="OutlanderFactionBase"]/pawnGroupMakers/li[4]/options</xpath>
	<value>
		<Vulpian_Villager>2</Vulpian_Villager>
        <Vulpian_Town_Guard>2</Vulpian_Town_Guard>
        <Vulpian_Grenadier_Destructive>0.3</Vulpian_Grenadier_Destructive>
		<Vulpian_Mercenary_Slasher>1.4</Vulpian_Mercenary_Slasher>
        <Vulpian_Mercenary_Gunner>2</Vulpian_Mercenary_Gunner>
        <Vulpian_Mercenary_Elite>2</Vulpian_Mercenary_Elite>
        <Vulpian_Town_Councilman>2</Vulpian_Town_Councilman>
	</value>
	</Operation>

	<!-- Villager -->
	<!-- Villager Raid 1; 100 commonality, ranged with melee mix-ins -->
	<Operation Class="PatchOperationAdd">
	<xpath>*/FactionDef[@Name="TribeBase"]/pawnGroupMakers/li[1]/options</xpath>
	<value>
        <Vulpian_Tribal_Penitent>1</Vulpian_Tribal_Penitent>
        <Vulpian_Tribal_Warrior>1</Vulpian_Tribal_Warrior>
        <Vulpian_Tribal_Archer>2</Vulpian_Tribal_Archer>
        <Vulpian_Tribal_Hunter>2</Vulpian_Tribal_Hunter>
        <Vulpian_Tribal_HeavyArcher>2</Vulpian_Tribal_HeavyArcher>
        <Vulpian_Tribal_Berserker>1</Vulpian_Tribal_Berserker>
        <Vulpian_Tribal_ChiefRanged>0.6</Vulpian_Tribal_ChiefRanged>
        <Vulpian_Tribal_ChiefMelee>0.3</Vulpian_Tribal_ChiefMelee>
	</value>
	</Operation>

	<!-- Villager Raid 2; 60 commonality, ranged only -->
	<Operation Class="PatchOperationAdd">
	<xpath>*/FactionDef[@Name="TribeBase"]/pawnGroupMakers/li[2]/options</xpath>
	<value>
        <Vulpian_Tribal_Archer>2</Vulpian_Tribal_Archer>
        <Vulpian_Tribal_Hunter>2</Vulpian_Tribal_Hunter>
        <Vulpian_Tribal_HeavyArcher>2</Vulpian_Tribal_HeavyArcher>
        <Vulpian_Tribal_ChiefRanged>1</Vulpian_Tribal_ChiefRanged>
	</value>
	</Operation>

	<!-- Villager Raid 3; 60 commonality, melee only -->
	<Operation Class="PatchOperationAdd">
	<xpath>*/FactionDef[@Name="TribeBase"]/pawnGroupMakers/li[3]/options</xpath>
	<value>
        <Vulpian_Tribal_Penitent>2</Vulpian_Tribal_Penitent>
        <Vulpian_Tribal_Warrior>2</Vulpian_Tribal_Warrior>
        <Vulpian_Tribal_Berserker>2</Vulpian_Tribal_Berserker>
        <Vulpian_Tribal_ChiefMelee>1</Vulpian_Tribal_ChiefMelee>
	</value>
	</Operation>

	<!-- Villager Peaceful -->
	<Operation Class="PatchOperationAdd">
	<xpath>*/FactionDef[@Name="TribeBase"]/pawnGroupMakers/li[4]/options</xpath>
	<value>
        <Vulpian_Tribal_Warrior>4</Vulpian_Tribal_Warrior>
        <Vulpian_Tribal_Archer>2</Vulpian_Tribal_Archer>
        <Vulpian_Tribal_Hunter>2</Vulpian_Tribal_Hunter>
        <Vulpian_Tribal_HeavyArcher>2</Vulpian_Tribal_HeavyArcher>
        <Vulpian_Tribal_Berserker>1</Vulpian_Tribal_Berserker>
        <Vulpian_Tribal_ChiefRanged>0.6</Vulpian_Tribal_ChiefRanged>
        <Vulpian_Tribal_ChiefMelee>0.3</Vulpian_Tribal_ChiefMelee>
	</value>
	</Operation>

	<!-- Villager Traders -->
	<Operation Class="PatchOperationAdd">
	<xpath>*/FactionDef[@Name="TribeBase"]/pawnGroupMakers/li[5]/guards</xpath>
	<value>
        <Vulpian_Tribal_Warrior>1.4</Vulpian_Tribal_Warrior>
        <Vulpian_Tribal_Archer>2</Vulpian_Tribal_Archer>
        <Vulpian_Tribal_Hunter>2</Vulpian_Tribal_Hunter>
        <Vulpian_Tribal_HeavyArcher>2</Vulpian_Tribal_HeavyArcher>
        <Vulpian_Tribal_Berserker>1.4</Vulpian_Tribal_Berserker>
	</value>
	</Operation>

	<Operation Class="PatchOperationAdd">
	<xpath>*/FactionDef[@Name="TribeBase"]/pawnGroupMakers/li[5]/traders</xpath>
	<value>
        <Vulpian_Tribal_Trader>0.2</Vulpian_Tribal_Trader>
	</value>
	</Operation>

	<!-- Settlement -->

	<Operation Class="PatchOperationAdd">
	<xpath>*/FactionDef[@Name="TribeBase"]/pawnGroupMakers/li[6]/options</xpath>
	<value>
          <Vulpian_Tribal_Warrior>1.4</Vulpian_Tribal_Warrior>
          <Vulpian_Tribal_Archer>2</Vulpian_Tribal_Archer>
          <Vulpian_Tribal_Hunter>2</Vulpian_Tribal_Hunter>
          <Vulpian_Tribal_HeavyArcher>2</Vulpian_Tribal_HeavyArcher>
          <Vulpian_Tribal_Berserker>1.4</Vulpian_Tribal_Berserker>
          <Vulpian_Tribal_ChiefRanged>2</Vulpian_Tribal_ChiefRanged>
	</value>
	</Operation>

</Patch>