<Patch>
    <Operation Class="PatchOperationFindMod">
        <mods>
            <li>Pawnmorpher</li>
        </mods>
        <match Class="PatchOperationSequence">
            <operations>
                <li Class="PatchOperationAddModExtension">
                    <xpath>/Defs/AlienRace.ThingDef_AlienRace[defName="Vulpes"]</xpath>
                    <value>
                        <li Class="Pawnmorph.RaceMutationSettingsExtension">
                            <immuneToAll>true</immuneToAll>
                        </li>
                    </value>
                </li>
            </operations>
        </match>
    </Operation>
</Patch>