<Patch>
<!--You're too horny, aren't you?-->
    <Operation Class="PatchOperationFindMod">
        <mods>
            <li>RimJobWorld</li>
        </mods>
        <match Class="PatchOperationSequence">
            <operations>
                <li Class="PatchOperationAdd">
                    <xpath>Defs</xpath>
                    <value>
                        <rjw.RaceGroupDef>
                            <defName>vulpesrjwgroup</defName>
                            <raceNames>
                                <li>Vulpes</li>
                            </raceNames>
                            <femaleBreasts>
                                <li>Breasts</li>
                            </femaleBreasts>
                            <femaleGenitals>
                                <li>Vagina</li>
                            </femaleGenitals>
                            <anuses>
                                <li>Anus</li>
                            </anuses>
                            <maleBreasts>
                                <li>Breasts</li>
                            </maleBreasts>
                            <maleGenitals>
                                <li>Penis</li>
                            </maleGenitals>
                            <tags>
                                <li>Fur</li>
                            </tags>
                            <hasPregnancy>true</hasPregnancy>
                            <hasFertility>true</hasFertility>
                            <hasSexNeed>true</hasSexNeed>
                        </rjw.RaceGroupDef>
                    </value>
                </li>
                <li Class="PatchOperationAdd">
                    <xpath>Defs/AlienRace.ThingDef_AlienRace[defName="Vulpes"]/statBases</xpath>
                    <value>
					<SexAbility>1</SexAbility>
					</value>
                </li>
			    <li Class="PatchOperationAdd">
                    <xpath>Defs/AlienRace.ThingDef_AlienRace[defName="Vulpes"]/statBases</xpath>
                    <value>
					<Vulnerability>1</Vulnerability>
					</value>
                </li>
				<li Class="PatchOperationAdd">
                    <xpath>Defs/AlienRace.ThingDef_AlienRace[defName="Vulpes"]/statBases</xpath>
                    <value>
					<SexFrequency>1</SexFrequency>
					</value>
                </li>
            </operations>
        </match>
    </Operation>
</Patch>