<?xml version="1.0" encoding="utf-8" ?>
<Defs>

	<AlienRace.ThingDef_AlienRace ParentName="BasePawn" Name="BaseVulpes"> 
		<defName>Vulpes</defName>
		<label>Vulpes</label>
		<description>Vulpes is a race of adorable genetically engineered foxes with high mental capabilities but weak and fragile body.</description>
<!--■■■■■■■■■■■■■■■■■■■■ Bio Stats ■■■■■■■■■■■■■■■■■■■■-->
		<statBases>
			<PawnBeauty>1</PawnBeauty>
			<CarryingCapacity>50</CarryingCapacity>
			<PainShockThreshold>0.5</PainShockThreshold>
			<MarketValue>3000</MarketValue>
			<MoveSpeed>8</MoveSpeed>
			<Mass>50</Mass>
			<ImmunityGainSpeed>1.5</ImmunityGainSpeed>
			<ComfyTemperatureMin>25</ComfyTemperatureMin>
			<ComfyTemperatureMax>50</ComfyTemperatureMax>
			<LeatherAmount>35</LeatherAmount>
			<MeatAmount>50</MeatAmount>
<!--■■■■■■■■■■■■■■■■■■■■ Skills ■■■■■■■■■■■■■■■■■■■■-->
			<ResearchSpeed>4</ResearchSpeed>
			<GlobalLearningFactor>2</GlobalLearningFactor>
			<MiningSpeed>0.5</MiningSpeed>
			<SocialImpact>2</SocialImpact>
			<ConstructionSpeed>0.75</ConstructionSpeed>
			<AnimalGatherSpeed>1.25</AnimalGatherSpeed>
			<AnimalGatherYield>1.25</AnimalGatherYield>
			<ShootingAccuracyPawn>4</ShootingAccuracyPawn>
		</statBases>
<!--■■■■■■■■■■■■■■■■■■■■ Race ■■■■■■■■■■■■■■■■■■■■-->
		<race>
			<fleshType>Vulpes</fleshType>
			<leatherDef>Vulpian_leather</leatherDef>
			<body>Vulpes</body>
			<baseBodySize>0.7</baseBodySize>
			<baseHealthScale>0.7</baseHealthScale>
			<baseHungerRate>0.7</baseHungerRate>
			<thinkTreeMain>Humanlike</thinkTreeMain>
			<thinkTreeConstant>HumanlikeConstant</thinkTreeConstant>
			<intelligence>Humanlike</intelligence>
			<makesFootprints>true</makesFootprints>
			<lifeExpectancy>100</lifeExpectancy>
			<useMeatFrom>Human</useMeatFrom>
			<nameCategory>HumanStandard</nameCategory>
			<!--Name Gen-->
			<nameGenerator>VulpesNameM</nameGenerator>
			<nameGeneratorFemale>VulpesNameF</nameGeneratorFemale> 
			<!--End of Name Gen-->
			<hasGenders>true</hasGenders>
			<foodType>OmnivoreHuman</foodType>
			<soundMeleeHitPawn>Pawn_Melee_Punch_HitPawn</soundMeleeHitPawn>
			<soundMeleeHitBuilding>Pawn_Melee_Punch_HitBuilding</soundMeleeHitBuilding>
			<soundMeleeMiss>Pawn_Melee_Punch_Miss</soundMeleeMiss>
			<gestationPeriodDays>45</gestationPeriodDays>
			<meatMarketValue>0.8</meatMarketValue>
			<manhunterOnDamageChance>0.20</manhunterOnDamageChance>
			<manhunterOnTameFailChance>0.02</manhunterOnTameFailChance>
			<specialShadowData>
				<volume>(0.3, 0.8, 0.4)</volume>
				<offset>(0,0,-0.3)</offset>
			</specialShadowData>
			<hediffGiverSets>
				<li>OrganicStandard</li>
			</hediffGiverSets>
			<litterSizeCurve>
				<points>
					<li>(0.5, 0)</li>
					<li>(1, 1)</li>
					<li>(1.01, 0.02)</li>
					<li>(3.5, 0)</li>
				</points>
			</litterSizeCurve>
			<lifeStageAges>
				<li>
					<def>HumanlikeBaby</def>
					<minAge>0</minAge>
				</li>
				<li>
					<def>HumanlikeToddler</def>
					<minAge>2</minAge>
				</li>
				<li>
					<def>HumanlikeChild</def>
					<minAge>4</minAge>
				</li>
				<li>
					<def>HumanlikeTeenager</def>
					<minAge>13</minAge>
				</li>
				<li>
					<def>HumanlikeAdult</def>
					<minAge>18</minAge>
				</li>
			</lifeStageAges>
			<ageGenerationCurve>
				<points>
					<li>(14,0)</li>
					<li>(16,100)</li>
					<li>(50,100)</li>
					<li>(60,30)</li>
					<li>(70,18)</li>
					<li>(80,10)</li>
					<li>(90,3)</li>
					<li>(100,0)</li>
				</points>
			</ageGenerationCurve>
		</race>
		<recipes>
			<li>ExciseCarcinoma</li>
			<li>AdministerMechSerumHealer</li>
			<li>RemoveBodyPart</li>
			<li>Euthanize</li>
			<li>Anesthetize</li>
			<li>CureScaria</li>
			<li MayRequire="Ludeon.RimWorld.Royalty">CureBloodRot</li>
			<li MayRequire="Ludeon.RimWorld.Royalty">CureAbasia</li>
		</recipes>
<!--■■■■■■■■■■■■■■■■■■■■ Tools (attack) ■■■■■■■■■■■■■■■■■■■■-->
		<tools>
			<li>
				<label>teeth</label>
				<capacities>
					<li>Bite</li>
				</capacities>
				<power>8</power>
				<cooldownTime>1</cooldownTime>
				<linkedBodyPartsGroup>Teeth</linkedBodyPartsGroup>
			</li>
			<li>
				<label>left claws</label>
				<capacities>
					<li>Scratch</li>
				</capacities>
				<power>6</power>
				<cooldownTime>1</cooldownTime>
				<linkedBodyPartsGroup>LeftHand</linkedBodyPartsGroup>
				<surpriseAttack>
					<extraMeleeDamages>
						<li>
							<def>Stun</def>
							<amount>25</amount>
						</li>
					</extraMeleeDamages>
				</surpriseAttack>
			</li>
			<li>
				<label>right claws</label>
				<capacities>
					<li>Scratch</li>
				</capacities>
				<power>6</power>
				<cooldownTime>1</cooldownTime>
				<linkedBodyPartsGroup>RightHand</linkedBodyPartsGroup>
				<surpriseAttack>
					<extraMeleeDamages>
						<li>
							<def>Stun</def>
							<amount>25</amount>
						</li>
					</extraMeleeDamages>
				</surpriseAttack>
			</li>
		</tools>

		<alienRace>
			<generalSettings>
				<humanRecipeImport>true</humanRecipeImport>
				<maleGenderProbability>0.4</maleGenderProbability>
				<immuneToAge>true</immuneToAge>
<!--■■■■■■■■■■■■■■■■■■■■ Disabled traits ■■■■■■■■■■■■■■■■■■■■-->
				<disallowedTraits>
					<li><defName>Pyromaniac</defName></li>
					<li><defName>Bloodlust</defName></li>
					<li><defName>Nudist</defName></li>
					<li><defName>Psychopath</defName></li>
					<li><defName>Cannibal</defName></li>
					<li><defName>AnnoyingVoice</defName></li>
					<li><defName>CreepyBreathing</defName></li>
					<li><defName>DislikesWomen</defName></li>
					<li><defName>DislikesMen</defName></li>
					<li><defName>Greedy</defName></li>
					<li><defName>Masochist</defName></li>
					<li><defName>Jealous</defName></li>
					<li><defName>Abrasive</defName></li>
					<li><defName>DrugDesire</defName></li>
				</disallowedTraits>
<!--■■■■■■■■■■■■■■■■■■■■ Forced traits ■■■■■■■■■■■■■■■■■■■■-->
				<forcedRaceTraitEntries>
					<li>
						<defName>Adorable</defName>
						<chance>100</chance>
					</li>
					<li>
						<defName>NaturalMood</defName>
						<degree>1</degree>
						<chance>50</chance>
					</li>
					<li>
						<defName>NaturalMood</defName>
						<degree>2</degree>
						<chance>25</chance>
					</li>
					<li>
						<defName>Beauty</defName>
						<degree>1</degree>
						<chance>50</chance>
					</li>
					<li>
						<defName>Beauty</defName>
						<degree>2</degree>
						<chance>25</chance>
					</li>
					<li>
						<defName>Kind</defName>
						<chance>15</chance>
					</li>
				</forcedRaceTraitEntries>
<!--■■■■■■■■■■■■■■■■■■■■ Body addons/colorgen ■■■■■■■■■■■■■■■■■■■■-->
				<alienPartGenerator>
				<customDrawSize>(0.8, 0.8)</customDrawSize>
				<customPortraitDrawSize>(0.8, 0.8)</customPortraitDrawSize>
					<aliencrowntypes>
						<li>HeadStandard</li>
					</aliencrowntypes>
					<headOffsetDirectional>
                        <north>(0.0, -0.1)</north>
                        <east>(-0.02,-0.1)</east>
                        <south>(0.0, -0.1)</south>
                        <west>(0.02, -0.1)</west>
                    </headOffsetDirectional>
					<!--Body Type-->
					<alienbodytypes>
						<li>Thin</li>
					</alienbodytypes>
					<useGenderedBodies>true</useGenderedBodies>
					<useGenderedHeads>true</useGenderedHeads>
					<!--Ass long list of body addons below-->
					<!--Don't you fucking dare to touch anything here, it's like a fragile pie.-->
					<bodyAddons>
						<!--TAIL-->
						<li>
							<hiddenUnderApparelFor>
								<li>Tail</li>
							</hiddenUnderApparelFor>
							<drawSize>0.8</drawSize>
							<path>Vulpes/Tail/Defaulttail</path>
							<bodyPart>Tail</bodyPart>
							<inFrontOfBody>false</inFrontOfBody>
							<colorChannel>skin</colorChannel>
							<drawnInBed>false</drawnInBed>
							<defaultOffset>Tail</defaultOffset>
							<offsets>
								<south>
								<layerOffset>0</layerOffset>
									<bodyTypes>
										<Thin>(-0.42,0.3)</Thin>
									</bodyTypes>
								</south>
								<north>
								<layerOffset>0</layerOffset>
									<bodyTypes>
										<Thin>(0,0.55)</Thin>
									</bodyTypes>
								</north>
								<east>
								<layerOffset>0</layerOffset>
									<bodyTypes>
										<Thin>(-0.38,0.25)</Thin>
									</bodyTypes>
								</east>
							</offsets>
						</li>
						<!--NOSE-->
						<li>
							<hiddenUnderApparelFor>

							</hiddenUnderApparelFor>
							<!--<shaderType>Cutout</shaderType>-->
							<drawSize>0.8</drawSize>
							<path>Vulpes/Nose/Defaultnose</path>
							<bodyPart>Nose</bodyPart>
							<inFrontOfBody>false</inFrontOfBody>
							<colorChannel>skin</colorChannel>
							<drawnInBed>true</drawnInBed>
							<defaultOffset>Tail</defaultOffset>
							<offsets>
								<south>
								<layerOffset>-0.33</layerOffset>
									<bodyTypes>
										<Thin>(-0.42,0.462)</Thin>
									</bodyTypes>
								</south>
								<north>
								<layerOffset>-0.33</layerOffset>
									<bodyTypes>
										<Thin>(0,-0.18)</Thin>
									</bodyTypes>
								</north>
								<east>
								<layerOffset>-0.33</layerOffset>
									<bodyTypes>
										<Thin>(-0.49,0.46)</Thin>
									</bodyTypes>
								</east>
							</offsets>
						</li>
						<!--LEFT EYE MALE-->
						<li>
							<drawForMale>true</drawForMale>
							<drawForFemale>false</drawForFemale>
							<drawSize>0.8</drawSize>
							<path>Vulpes/Eye/Male/lefteye</path>
							<bodyPart>left eye</bodyPart>
							<inFrontOfBody>false</inFrontOfBody>
							<colorChannel>skin</colorChannel>
							<drawnInBed>true</drawnInBed>
							<defaultOffset>Tail</defaultOffset>
							<offsets>
								<south>
									<layerOffset>-0.33</layerOffset>
									<bodyTypes>
										<Thin>(-0.42,0.45)</Thin>
									</bodyTypes>
								</south>
								<north>
									<layerOffset>-0.33</layerOffset>
									<bodyTypes>
										<Thin>(0,-0.18)</Thin>
									</bodyTypes>
								</north>
								<east>
									<layerOffset>-0.33</layerOffset>
									<bodyTypes>
										<Thin>(-0.49,0.46)</Thin>
									</bodyTypes>
								</east>
							</offsets>
						</li>
						<!--LEFT EYE FEMALE-->
						<li>
							<drawForMale>false</drawForMale>
							<drawForFemale>true</drawForFemale>
							<drawSize>0.8</drawSize>
							<path>Vulpes/Eye/Female/lefteye</path>
							<bodyPart>left eye</bodyPart>
							<inFrontOfBody>false</inFrontOfBody>
							<colorChannel>skin</colorChannel>
							<drawnInBed>true</drawnInBed>
							<defaultOffset>Tail</defaultOffset>
							<offsets>
								<south>
									<layerOffset>-0.33</layerOffset>
									<bodyTypes>
										<Thin>(-0.42,0.45)</Thin>
									</bodyTypes>
								</south>
								<north>
									<layerOffset>-0.33</layerOffset>
									<bodyTypes>
										<Thin>(0,-0.18)</Thin>
									</bodyTypes>
								</north>
								<east>
									<layerOffset>-0.33</layerOffset>
									<bodyTypes>
										<Thin>(-0.49,0.46)</Thin>
									</bodyTypes>
								</east>
							</offsets>
						</li>
						<!--RIGHT EYE MALE-->
						<li>
							<drawForMale>true</drawForMale>
							<drawForFemale>false</drawForFemale>
							<drawSize>0.8</drawSize>
							<path>Vulpes/Eye/Male/righteye</path>
							<bodyPart>right eye</bodyPart>
							<inFrontOfBody>false</inFrontOfBody>
							<colorChannel>skin</colorChannel>
							<drawnInBed>true</drawnInBed>
							<defaultOffset>Tail</defaultOffset>
							<offsets>
								<south>
									<layerOffset>-0.33</layerOffset>
									<bodyTypes>
										<Thin>(-0.42,0.45)</Thin>
									</bodyTypes>
								</south>
								<north>
									<layerOffset>-0.33</layerOffset>
									<bodyTypes>
										<Thin>(0,-0.18)</Thin>
									</bodyTypes>
								</north>
								<east>
									<layerOffset>-0.33</layerOffset>
									<bodyTypes>
										<Thin>(-0.49,0.46)</Thin>
									</bodyTypes>
								</east>
							</offsets>
						</li>
						<!--RIGHT EYE FEMALE-->
						<li>
							<drawForMale>false</drawForMale>
							<drawForFemale>true</drawForFemale>
							<drawSize>0.8</drawSize>
							<path>Vulpes/Eye/Female/righteye</path>
							<bodyPart>right eye</bodyPart>
							<inFrontOfBody>false</inFrontOfBody>
							<colorChannel>skin</colorChannel>
							<drawnInBed>true</drawnInBed>
							<defaultOffset>Tail</defaultOffset>
							<offsets>
								<south>
									<layerOffset>-0.33</layerOffset>
									<bodyTypes>
										<Thin>(-0.42,0.45)</Thin>
									</bodyTypes>
								</south>
								<north>
									<layerOffset>-0.33</layerOffset>
									<bodyTypes>
										<Thin>(0,-0.18)</Thin>
									</bodyTypes>
								</north>
								<east>
									<layerOffset>-0.33</layerOffset>
									<bodyTypes>
										<Thin>(-0.49,0.46)</Thin>
									</bodyTypes>
								</east>
							</offsets>
						</li>

						<!--LEFT EAR-->
						<li>
							<hiddenUnderApparelFor>

							</hiddenUnderApparelFor>
							<shaderType>Transparent</shaderType>
							<drawSize>0.8</drawSize>
							<path>Vulpes/Ear/leftear</path>
							<bodyPart>left ear</bodyPart>
							<inFrontOfBody>false</inFrontOfBody>
							<colorChannel>skin</colorChannel>
							<drawnInBed>true</drawnInBed>
							<defaultOffset>Tail</defaultOffset>
							<offsets>
								<south>
									<layerOffset>-0.274</layerOffset>
									<bodyTypes>
										<Thin>(-0.42,0.45)</Thin>
									</bodyTypes>
								</south>
								<north>
									<layerOffset>-0.274</layerOffset>
									<bodyTypes>
										<Thin>(-0.009,0.78)</Thin>
									</bodyTypes>
								</north>
								<east>
									<layerOffset>-0.274</layerOffset>
									<bodyTypes>
										<Thin>(-0.49,0.46)</Thin>
									</bodyTypes>
								</east>
							</offsets>
						</li>
						<!--LEFT EAR (TOP)-->

						<li>
							<hiddenUnderApparelFor>

							</hiddenUnderApparelFor>
							<shaderType>Transparent</shaderType>
							<drawSize>0.8</drawSize>
							<path>Vulpes/Ear/lefttopear</path>
							<bodyPart>left ear</bodyPart>
							<inFrontOfBody>true</inFrontOfBody>
							<colorChannel>skin</colorChannel>
							<drawnInBed>true</drawnInBed>
							<defaultOffset>Tail</defaultOffset>
							<offsets>
								<south>
									<layerOffset>-0.269</layerOffset>
									<bodyTypes>
										<Thin>(-0.42,0.45)</Thin>
									</bodyTypes>
								</south>
								<north>
									<layerOffset>-0.269</layerOffset>
									<bodyTypes>
										<Thin>(0,-0.18)</Thin>
									</bodyTypes>
								</north>
								<east>
									<layerOffset>-0.269</layerOffset>
									<bodyTypes>
										<Thin>(-0.49,0.46)</Thin>
									</bodyTypes>
								</east>
							</offsets>
						</li>

						<!--RIGHT EAR-->
						<li>
							<hiddenUnderApparelFor>

							</hiddenUnderApparelFor>
							<shaderType>Transparent</shaderType>
							<drawSize>0.8</drawSize>
							<path>Vulpes/Ear/rightear</path>
							<bodyPart>right ear</bodyPart>
							<inFrontOfBody>false</inFrontOfBody>
							<colorChannel>skin</colorChannel>
							<drawnInBed>true</drawnInBed>
							<defaultOffset>Tail</defaultOffset>
							<offsets>
								<south>
									<layerOffset>-0.274</layerOffset>
									<bodyTypes>
										<Thin>(-0.42,0.45)</Thin>
									</bodyTypes>
								</south>
								<north>
									<layerOffset>-0.274</layerOffset>
									<bodyTypes>
										<Thin>(-0.009,0.78)</Thin>
									</bodyTypes>
								</north>
								<east>
									<layerOffset>-0.274</layerOffset>
									<bodyTypes>
										<Thin>(-0.49,0.46)</Thin>
									</bodyTypes>
								</east>
							</offsets>
						</li>
						<!--RIGHT EAR (TOP)-->

						<li>
							<hiddenUnderApparelFor>

							</hiddenUnderApparelFor>
							<shaderType>Transparent</shaderType>
							<drawSize>0.8</drawSize>
							<path>Vulpes/Ear/righttopear</path>
							<bodyPart>right ear</bodyPart>
							<inFrontOfBody>true</inFrontOfBody>
							<colorChannel>skin</colorChannel>
							<drawnInBed>true</drawnInBed>
							<defaultOffset>Tail</defaultOffset>
							<offsets>
								<south>
									<layerOffset>-0.269</layerOffset>
									<bodyTypes>
										<Thin>(-0.42,0.45)</Thin>
									</bodyTypes>
								</south>
								<north>
									<layerOffset>-0.269</layerOffset>
									<bodyTypes>
										<Thin>(0,-0.18)</Thin>
									</bodyTypes>
								</north>
								<east>
								<layerOffset>-0.269</layerOffset>
									<bodyTypes>
										<Thin>(-0.49,0.46)</Thin>
									</bodyTypes>
								</east>
							</offsets>
						</li>

					</bodyAddons>
					<!--HAIR COLOR-->
					<colorChannels>
						<li>
							<name>hair</name>
							<first Class="AlienRace.ColorGenerator_CustomAlienChannel">
								<colorChannel>skin_1</colorChannel>
							</first>
							<second Class="ColorGenerator_Options">
								<options>
									<li>
										<weight>10</weight>
										<only>RGBA(0.500, 1.000, 0.000, 1.000)</only>
									</li>
								</options>
							</second>
						</li>

						<!--FUR COLOR-->
						<li>
							<name>skin</name>
							<first Class="ColorGenerator_Options">
								<options>
									<!--Arctic (True texture colour)-->
									<li>
										<weight>1</weight>
										<only>RGBA(230,255,255,255)</only>
									</li>
									<!--Fox Orange-->
									<li>
										<weight>1</weight>
										<only>RGBA(255,153,0,255)</only>
										<!--<only>RGBA(236,145,59,255)</only>-->
									</li>
									<!--Kinda Gray-->
									<li>
										<weight>1</weight>
										<only>RGBA(130,130,130,255)</only>
									</li>
									<!--Pinky i guess-->
									<li>
										<weight>1</weight>
										<only>RGBA(234,163,137,255)</only>
									</li>
								</options>
							</first>
							<!--EYE COLOR-->
							<second Class="ColorGenerator_Options">
								<options>
									<!--Aquamarine-->
									<li>
										<weight>1</weight>
										<only>RGBA(127,255,212,255)</only>
									</li>
									<!--Pink-->
									<li>
										<weight>1</weight>
										<only>RGBA(255,50,153,255)</only>
									</li>
									<!--Green (Jade)-->
									<li>
										<weight>1</weight>
										<only>RGBA(0,177,106,255)</only>
									</li>
									<!--Brown (Metro)-->
									<li>
										<weight>1</weight>
										<only>RGBA(130,90,44,255)</only>
									</li>
									<!--Ocean Blue-->
									<li>
										<weight>1</weight>
										<only>RGBA(0,119,190,255)</only>
									</li>
									<!--Soft Red-->
									<li>
										<weight>1</weight>
										<only>RGBA(203,56,56,255)</only>
									</li>
									<!--Golden Jojo-->
									<li>
										<weight>1</weight>
										<only>RGBA(255,215,0,255)</only>
									</li>
								</options>
							</second>
						</li>
					</colorChannels>

				</alienPartGenerator>
			</generalSettings>

			<graphicPaths>
				<li>
					<body>Vulpes/Body/</body>
					<head>Vulpes/Head/</head>
				</li>
			</graphicPaths>
			<styleSettings>
		        <li>
                    <key>BeardDef</key>
                    <value>
						<hasStyle>false</hasStyle>
					</value>
				</li>
                <li>
                    <key>HairDef</key>
                    <value>
                        <hasStyle>false</hasStyle>
                    </value>
                </li>
				<li>
				<key>TattooDef</key>
					<value>
						<hasStyle>false</hasStyle>
					</value>
				</li>
			</styleSettings>
			<thoughtSettings>
				<cannotReceiveThoughts>
					<!--Food thoughts (Vulpes cannot recieve bufs and debufs from eating human meat and bad food in general)-->
					<li>AteWithoutTable</li>
					<li>AteRawFood</li>
					<li>AteKibble</li>
					<li>AteCorpse</li>
					<li>AteHumanlikeMeatDirect</li>
					<li>AteHumanlikeMeatAsIngredient</li>
					<li>AteInsectMeatDirect</li>
					<li>AteInsectMeatAsIngredient</li>
					<!-- Other thoughts -->
					<li>SleptOnGround</li>
					<li>NeedOutdoors</li>
					<li>SharedBed</li>
					<li>Naked</li>
				</cannotReceiveThoughts>
			</thoughtSettings>

			<relationSettings>
			</relationSettings>

		</alienRace>

	</AlienRace.ThingDef_AlienRace>
</Defs>